City_ID,City,Country,Lat,Lng,Max Temp,Humidity,Cloudiness,Wind Speed,Current Description
0,Jumla,NP,29.2747,82.1838,45.34,41,0,4.83,clear sky
1,Pombia,IT,45.653,8.6336,52.25,80,0,3.44,clear sky
2,Ushuaia,AR,-54.8,-68.3,38.86,70,20,11.5,few clouds
3,Busselton,AU,-33.65,115.3333,67.68,72,92,9.24,overcast clouds
4,Vaini,TO,-21.2,-175.2,82.56,89,75,4.61,broken clouds
5,Comodoro Rivadavia,AR,-54.8,-68.3,38.86,70,20,11.5,few clouds
6,Clyde River,CA,70.4692,-68.5914,-0.17,85,75,13.8,broken clouds
7,Saint Anthony,CA,70.4692,-68.5914,-0.17,85,75,13.8,broken clouds
8,Komsomolskiy,UZ,40.4272,71.7189,65.12,39,87,9.22,overcast clouds
9,Oussouye,SN,12.485,-16.5469,77.18,65,52,8.41,broken clouds
10,Caxito,AO,-8.5785,13.6643,73.96,98,100,1.68,light rain
11,Rikitea,PF,-23.1203,-134.9692,79.27,75,3,16.62,clear sky
12,Pisco,PE,-13.7,-76.2167,68.05,77,0,21.85,clear sky
13,Hobart,AU,-33.65,115.3333,67.68,72,92,9.24,overcast clouds
14,Tiksi,UZ,40.4272,71.7189,65.12,39,87,9.22,overcast clouds
15,Umm Lajj,SA,25.0213,37.2685,85.03,28,83,10.49,broken clouds
16,Chokurdakh,UZ,40.4272,71.7189,65.12,39,87,9.22,overcast clouds
17,Jamestown,US,42.097,-79.2353,43.52,78,100,10.36,overcast clouds
18,Nurota,UZ,40.5614,65.6886,62.17,42,95,7.45,overcast clouds
19,Mataura,PF,-23.1203,-134.9692,79.27,75,3,16.62,clear sky
20,Alekseyevka,RU,50.6309,38.6903,44.71,77,14,7.2,few clouds
21,Nouakchott,MR,18.0858,-15.9785,82.33,36,3,14.67,clear sky
22,Tuktoyaktuk,CA,70.4692,-68.5914,-0.17,85,75,13.8,broken clouds
23,Hithadhoo,MV,-0.6,73.0833,82.13,63,45,4.68,scattered clouds
24,Baykit,UZ,40.4272,71.7189,65.12,39,87,9.22,overcast clouds
25,Thompson,CA,70.4692,-68.5914,-0.17,85,75,13.8,broken clouds
26,Bluff,NZ,-46.6,168.3333,56.3,62,76,28.79,broken clouds
27,Coihaique,CL,-45.5752,-72.0662,50.61,87,20,3.44,few clouds
28,Cruces,CU,22.3411,-80.2667,82.4,69,80,11.05,broken clouds
29,Marienburg,PL,54.0359,19.0266,46.89,74,66,20.38,broken clouds
30,Cayenne,GF,4.9333,-52.3333,76.08,1,75,4.61,broken clouds
31,Dingle,PH,10.9995,122.6711,75.04,92,100,7.18,heavy intensity rain
32,Avarua,CK,-21.2078,-159.775,86.05,74,20,12.66,few clouds
33,Bo Rai,TH,12.5728,102.5371,73.02,66,98,5.5,overcast clouds
34,Warrnambool,AU,-33.65,115.3333,67.68,72,92,9.24,overcast clouds
35,Leningradskiy,UZ,40.4272,71.7189,65.12,39,87,9.22,overcast clouds
36,Yellowknife,CA,70.4692,-68.5914,-0.17,85,75,13.8,broken clouds
37,Tonj,SS,7.2737,28.6822,78.58,58,100,3.11,overcast clouds
38,Qaanaaq,GL,77.484,-69.3632,-6.45,69,7,7.43,clear sky
39,Belmonte,BR,-15.8631,-38.8828,76.66,80,0,6.33,clear sky
40,Pasighat,IN,28.0667,95.3333,66.67,83,99,5.57,overcast clouds
41,Bredasdorp,ZA,-34.5322,20.0403,55.27,78,11,4.99,few clouds
42,Atuona,PF,-23.1203,-134.9692,79.27,75,3,16.62,clear sky
43,Tasiilaq,GL,77.484,-69.3632,-6.45,69,7,7.43,clear sky
44,Mar Del Plata,AR,-54.8,-68.3,38.86,70,20,11.5,few clouds
45,Port Macquarie,AU,-33.65,115.3333,67.68,72,92,9.24,overcast clouds
46,Burnie,AU,-33.65,115.3333,67.68,72,92,9.24,overcast clouds
47,Katsuura,JP,35.1333,140.3,59.4,57,0,7.99,clear sky
48,Bethel,US,41.3712,-73.414,50.49,91,100,10.36,overcast clouds
49,Sabang,ID,5.8933,95.3214,81.86,73,94,14.85,overcast clouds
50,Puerto Ayora,EC,-0.7393,-90.3518,79.52,82,25,6.82,scattered clouds
51,Palenque,MX,17.5167,-91.9667,82.56,78,75,17.27,broken clouds
52,Acapulco,MX,17.5167,-91.9667,82.56,78,75,17.27,broken clouds
53,Port Hedland,AU,-33.65,115.3333,67.68,72,92,9.24,overcast clouds
54,Tual,ID,5.8933,95.3214,81.86,73,94,14.85,overcast clouds
55,Cape Town,ZA,-34.5322,20.0403,55.27,78,11,4.99,few clouds
56,Port Alfred,ZA,-34.5322,20.0403,55.27,78,11,4.99,few clouds
57,New Norfolk,AU,-33.65,115.3333,67.68,72,92,9.24,overcast clouds
58,Bathsheba,BB,13.2167,-59.5167,79.41,69,40,16.11,scattered clouds
59,Nogent-Le-Rotrou,FR,48.3333,1.0,45.64,78,99,9.95,overcast clouds
60,Flinders,AU,-33.65,115.3333,67.68,72,92,9.24,overcast clouds
61,Sao Joao Da Barra,BR,-15.8631,-38.8828,76.66,80,0,6.33,clear sky
62,Yaan,NG,7.3833,8.5667,78.78,82,90,16.87,light rain
63,Bombay,IN,28.0667,95.3333,66.67,83,99,5.57,overcast clouds
64,Albany,AU,-33.65,115.3333,67.68,72,92,9.24,overcast clouds
65,Lorengau,PG,-2.0226,147.2712,82.65,82,100,16.08,overcast clouds
66,Punta Arenas,CL,-45.5752,-72.0662,50.61,87,20,3.44,few clouds
67,Seoul,KR,37.5683,126.9778,47.77,69,0,5.75,clear sky
68,Umzimvubu,ZA,-34.5322,20.0403,55.27,78,11,4.99,few clouds
69,Maua,BR,-23.6678,-46.4614,69.37,91,87,4.61,overcast clouds
70,Tongliao,NG,7.3833,8.5667,78.78,82,90,16.87,light rain
71,Polson,US,41.3712,-73.414,50.49,91,100,10.36,overcast clouds
72,Cherskiy,UZ,40.4272,71.7189,65.12,39,87,9.22,overcast clouds
73,Teknaf,BD,20.8624,92.3058,73.29,90,49,3.2,scattered clouds
74,Buqayq,SA,25.0213,37.2685,85.03,28,83,10.49,broken clouds
75,Mattru,SL,7.6244,-11.8332,77.63,80,100,2.91,overcast clouds
76,Sao Filipe,CV,14.8961,-24.4956,72.14,76,30,9.31,scattered clouds
77,Walvis Bay,NA,-22.9575,14.5053,58.08,82,0,8.05,clear sky
78,Sakakah,SA,25.0213,37.2685,85.03,28,83,10.49,broken clouds
79,Nguiu,AU,-33.65,115.3333,67.68,72,92,9.24,overcast clouds
80,Svetlogorsk,UZ,40.4272,71.7189,65.12,39,87,9.22,overcast clouds
81,Yendi,GH,9.4427,-0.0099,82.72,53,99,9.6,overcast clouds
82,Urucara,BR,-15.8631,-38.8828,76.66,80,0,6.33,clear sky
83,Asau,RO,46.4333,26.4,45.95,83,97,5.84,overcast clouds
84,Butaritari,KI,3.0707,172.7902,80.98,80,100,14.2,light rain
85,Nikolskoye,UZ,40.4272,71.7189,65.12,39,87,9.22,overcast clouds
86,Ahuimanu,US,41.3712,-73.414,50.49,91,100,10.36,overcast clouds
87,Kalmunai,LK,7.4167,81.8167,78.44,82,74,2.35,broken clouds
88,Kruisfontein,ZA,-34.5322,20.0403,55.27,78,11,4.99,few clouds
89,Nishihara,JP,35.1333,140.3,59.4,57,0,7.99,clear sky
90,Saskylakh,UZ,40.4272,71.7189,65.12,39,87,9.22,overcast clouds
91,Grindavik,IS,63.8424,-22.4338,30.15,68,75,5.75,broken clouds
92,Vostok,UZ,40.4272,71.7189,65.12,39,87,9.22,overcast clouds
93,Hermanus,ZA,-34.5322,20.0403,55.27,78,11,4.99,few clouds
94,Kapaa,US,41.3712,-73.414,50.49,91,100,10.36,overcast clouds
95,Codrington,AU,-38.2667,141.9667,65.98,63,4,9.26,clear sky
96,Atasu,RU,50.6309,38.6903,44.71,77,14,7.2,few clouds
97,Yamada,JP,35.1333,140.3,59.4,57,0,7.99,clear sky
98,Cockburn Town,TC,21.4612,-71.1419,78.35,76,1,21.45,clear sky
99,Tucano,BR,-15.8631,-38.8828,76.66,80,0,6.33,clear sky
100,Wewak,PG,-2.0226,147.2712,82.65,82,100,16.08,overcast clouds
101,Helmstedt,DE,52.2279,11.0099,44.55,90,100,28.63,overcast clouds
102,Khatanga,UZ,40.4272,71.7189,65.12,39,87,9.22,overcast clouds
103,Massakory,TD,12.996,15.7293,88.56,12,34,10.11,scattered clouds
104,Yumen,NG,7.3833,8.5667,78.78,82,90,16.87,light rain
105,San Patricio,MX,17.5167,-91.9667,82.56,78,75,17.27,broken clouds
106,Jamestown,US,41.3712,-73.414,50.49,91,100,10.36,overcast clouds
107,Husavik,IS,63.8424,-22.4338,30.15,68,75,5.75,broken clouds
108,Nushki,PK,29.5542,66.0215,74.82,17,0,5.19,clear sky
109,Whitecourt,CA,70.4692,-68.5914,-0.17,85,75,13.8,broken clouds
110,Lata,PT,40.1629,-8.3327,57.81,80,100,3.09,overcast clouds
111,Pacific Grove,US,41.3712,-73.414,50.49,91,100,10.36,overcast clouds
112,Great Yarmouth,GB,52.6083,1.7305,38.44,88,41,15.84,scattered clouds
113,Tautira,PF,-23.1203,-134.9692,79.27,75,3,16.62,clear sky
114,Cidreira,BR,-15.8631,-38.8828,76.66,80,0,6.33,clear sky
115,Lincoln,AR,-54.8,-68.3,38.86,70,20,11.5,few clouds
116,Rungata,KI,3.0707,172.7902,80.98,80,100,14.2,light rain
117,Margate,ZA,-34.5322,20.0403,55.27,78,11,4.99,few clouds
118,Port Elizabeth,ZA,-34.5322,20.0403,55.27,78,11,4.99,few clouds
119,Vardo,NO,70.3705,31.1107,31.59,69,45,15.59,scattered clouds
120,Cherat,PK,29.5542,66.0215,74.82,17,0,5.19,clear sky
121,East London,ZA,-34.5322,20.0403,55.27,78,11,4.99,few clouds
122,Manzhouli,NG,7.3833,8.5667,78.78,82,90,16.87,light rain
123,Varhaug,NO,70.3705,31.1107,31.59,69,45,15.59,scattered clouds
124,Upernavik,GL,77.484,-69.3632,-6.45,69,7,7.43,clear sky
125,Fereydunshahr,IR,32.941,50.121,38.19,61,17,7.63,few clouds
126,Attock,PK,29.5542,66.0215,74.82,17,0,5.19,clear sky
127,Hualmay,PE,-13.7,-76.2167,68.05,77,0,21.85,clear sky
128,Churapcha,UZ,40.4272,71.7189,65.12,39,87,9.22,overcast clouds
129,Vestmannaeyjar,IS,63.8424,-22.4338,30.15,68,75,5.75,broken clouds
130,Buchanan,LR,5.8808,-10.0467,77.79,84,98,5.12,overcast clouds
131,Bibiani,GH,9.4427,-0.0099,82.72,53,99,9.6,overcast clouds
132,Aklavik,CA,70.4692,-68.5914,-0.17,85,75,13.8,broken clouds
133,Hilo,US,41.3712,-73.414,50.49,91,100,10.36,overcast clouds
134,Jalu,LY,29.0331,21.5482,63.99,50,19,17.67,few clouds
135,Xiaoweizhai,NG,7.3833,8.5667,78.78,82,90,16.87,light rain
136,Palabuhanratu,ID,5.8933,95.3214,81.86,73,94,14.85,overcast clouds
137,Fukue,JP,35.1333,140.3,59.4,57,0,7.99,clear sky
138,Ahipara,NZ,-46.6,168.3333,56.3,62,76,28.79,broken clouds
139,La Ronge,CA,70.4692,-68.5914,-0.17,85,75,13.8,broken clouds
140,Bambous Virieux,MU,-20.3428,57.7575,79.05,78,40,8.05,light rain
141,Tapejara,BR,-15.8631,-38.8828,76.66,80,0,6.33,clear sky
142,Sovetskiy,UZ,40.4272,71.7189,65.12,39,87,9.22,overcast clouds
143,Lagoa,PT,39.05,-27.9833,59.34,82,100,13.62,overcast clouds
144,Xuddur,SO,4.1213,43.8894,75.99,70,100,15.86,overcast clouds
145,Norman Wells,CA,70.4692,-68.5914,-0.17,85,75,13.8,broken clouds
146,Mahon,ES,39.8885,4.2658,57.76,72,0,10.36,clear sky
147,Padang,ID,5.8933,95.3214,81.86,73,94,14.85,overcast clouds
148,Coquimbo,CL,-45.5752,-72.0662,50.61,87,20,3.44,few clouds
149,Primorsko-Akhtarsk,UZ,40.4272,71.7189,65.12,39,87,9.22,overcast clouds
150,Ilhabela,BR,-15.8631,-38.8828,76.66,80,0,6.33,clear sky
151,Sahuaripa,MX,17.5167,-91.9667,82.56,78,75,17.27,broken clouds
152,Kasempa,ZM,-13.4584,25.8338,64.4,98,100,4.54,light rain
153,Aykhal,UZ,40.4272,71.7189,65.12,39,87,9.22,overcast clouds
154,Huarmey,PE,-13.7,-76.2167,68.05,77,0,21.85,clear sky
155,Geraldton,AU,-33.65,115.3333,67.68,72,92,9.24,overcast clouds
156,Mahebourg,MU,-20.3428,57.7575,79.05,78,40,8.05,light rain
157,Havoysund,NO,70.3705,31.1107,31.59,69,45,15.59,scattered clouds
158,Riyadh,SA,25.0213,37.2685,85.03,28,83,10.49,broken clouds
159,Hambantota,LK,7.4167,81.8167,78.44,82,74,2.35,broken clouds
160,Almendralejo,ES,39.8885,4.2658,57.76,72,0,10.36,clear sky
161,Bengkulu,ID,5.8933,95.3214,81.86,73,94,14.85,overcast clouds
162,Castro,CL,-45.5752,-72.0662,50.61,87,20,3.44,few clouds
163,Barrow,US,41.3712,-73.414,50.49,91,100,10.36,overcast clouds
164,Guerrero Negro,MX,17.5167,-91.9667,82.56,78,75,17.27,broken clouds
165,Kamyshin,UZ,40.4272,71.7189,65.12,39,87,9.22,overcast clouds
166,Praya,ID,5.8933,95.3214,81.86,73,94,14.85,overcast clouds
167,Suffolk,US,41.3712,-73.414,50.49,91,100,10.36,overcast clouds
168,Belaya Gora,UZ,40.4272,71.7189,65.12,39,87,9.22,overcast clouds
169,Pevek,UZ,40.4272,71.7189,65.12,39,87,9.22,overcast clouds
170,Wajima,JP,35.1333,140.3,59.4,57,0,7.99,clear sky
171,Parkersburg,US,41.3712,-73.414,50.49,91,100,10.36,overcast clouds
172,Pangnirtung,CA,70.4692,-68.5914,-0.17,85,75,13.8,broken clouds
173,Kaitangata,NZ,-46.6,168.3333,56.3,62,76,28.79,broken clouds
174,Mount Isa,AU,-33.65,115.3333,67.68,72,92,9.24,overcast clouds
175,Salinas,EC,-0.7393,-90.3518,79.52,82,25,6.82,scattered clouds
176,Gasa,PS,31.5,34.4667,83.88,26,100,14.76,overcast clouds
177,Luderitz,NA,-22.9575,14.5053,58.08,82,0,8.05,clear sky
178,Chiang Mai,TH,12.5728,102.5371,73.02,66,98,5.5,overcast clouds
179,Tuatapere,NZ,-46.6,168.3333,56.3,62,76,28.79,broken clouds
180,Peniche,PT,39.05,-27.9833,59.34,82,100,13.62,overcast clouds
181,Airai,TL,-8.9266,125.4092,68.41,61,97,1.19,overcast clouds
182,Mys Shmidta,UZ,40.4272,71.7189,65.12,39,87,9.22,overcast clouds
183,Ust-Kut,UZ,40.4272,71.7189,65.12,39,87,9.22,overcast clouds
184,Poum,NC,-20.2333,164.0167,81.73,79,100,16.82,overcast clouds
185,Minab,IR,32.941,50.121,38.19,61,17,7.63,few clouds
186,Ponta Do Sol,CV,14.8961,-24.4956,72.14,76,30,9.31,scattered clouds
187,Kanniyakumari,IN,28.0667,95.3333,66.67,83,99,5.57,overcast clouds
188,Krasnoselkup,UZ,40.4272,71.7189,65.12,39,87,9.22,overcast clouds
189,Manta,EC,-0.7393,-90.3518,79.52,82,25,6.82,scattered clouds
190,Palmerston,AU,-33.65,115.3333,67.68,72,92,9.24,overcast clouds
191,Rawson,AR,-54.8,-68.3,38.86,70,20,11.5,few clouds
192,Bagdarin,UZ,40.4272,71.7189,65.12,39,87,9.22,overcast clouds
193,Matay,EG,28.419,30.7792,84.07,11,5,8.61,clear sky
194,Salaya,IN,28.0667,95.3333,66.67,83,99,5.57,overcast clouds
195,Xiaoshi,NG,7.3833,8.5667,78.78,82,90,16.87,light rain
196,Ancud,CL,-45.5752,-72.0662,50.61,87,20,3.44,few clouds
197,Attawapiskat,CA,70.4692,-68.5914,-0.17,85,75,13.8,broken clouds
198,Saint-Philippe,RE,-21.3585,55.7679,74.79,86,56,13.42,light rain
199,Haines Junction,CA,70.4692,-68.5914,-0.17,85,75,13.8,broken clouds
200,Bjelovar,HR,45.8986,16.8489,51.55,73,95,17.34,overcast clouds
201,Esso,UZ,40.4272,71.7189,65.12,39,87,9.22,overcast clouds
202,Bridlicna,CZ,49.9117,17.3711,48.67,80,96,8.99,overcast clouds
203,Marcona,PE,-13.7,-76.2167,68.05,77,0,21.85,clear sky
204,Tuy Hoa,VN,13.0833,109.3,72.46,85,98,8.68,overcast clouds
205,Arraial Do Cabo,BR,-15.8631,-38.8828,76.66,80,0,6.33,clear sky
206,Barabai,ID,5.8933,95.3214,81.86,73,94,14.85,overcast clouds
207,Camacha,PT,39.05,-27.9833,59.34,82,100,13.62,overcast clouds
208,Iqaluit,CA,70.4692,-68.5914,-0.17,85,75,13.8,broken clouds
209,Raahe,FI,64.6833,24.4833,26.69,92,81,11.77,broken clouds
210,Hauge,NO,70.3705,31.1107,31.59,69,45,15.59,scattered clouds
211,Mednogorskiy,UZ,40.4272,71.7189,65.12,39,87,9.22,overcast clouds
212,Playa Vicente,MX,17.5167,-91.9667,82.56,78,75,17.27,broken clouds
213,Torbay,CA,70.4692,-68.5914,-0.17,85,75,13.8,broken clouds
214,Sitka,US,41.3712,-73.414,50.49,91,100,10.36,overcast clouds
215,Kenai,US,41.3712,-73.414,50.49,91,100,10.36,overcast clouds
216,Phan Rang,VN,13.0833,109.3,72.46,85,98,8.68,overcast clouds
217,Chuy,UY,-33.6971,-53.4616,63.21,92,100,5.77,overcast clouds
218,Adrar,MR,20.5022,-10.0711,72.75,16,0,11.05,clear sky
219,Santa Maria,CV,14.8961,-24.4956,72.14,76,30,9.31,scattered clouds
220,Grand River South East,MU,-20.3428,57.7575,79.05,78,40,8.05,light rain
221,Amderma,UZ,40.4272,71.7189,65.12,39,87,9.22,overcast clouds
222,Fairbanks,US,41.3712,-73.414,50.49,91,100,10.36,overcast clouds
223,Sentyabrskiy,UZ,40.4272,71.7189,65.12,39,87,9.22,overcast clouds
224,Pangai,TO,-21.2,-175.2,82.56,89,75,4.61,broken clouds
225,Ilulissat,GL,77.484,-69.3632,-6.45,69,7,7.43,clear sky
226,Kayerkan,UZ,40.4272,71.7189,65.12,39,87,9.22,overcast clouds
227,Vanimo,PG,-2.0226,147.2712,82.65,82,100,16.08,overcast clouds
228,Mitu,CO,1.1983,-70.1733,73.42,97,42,2.26,light rain
229,Cochrane,CA,70.4692,-68.5914,-0.17,85,75,13.8,broken clouds
230,Levelland,US,41.3712,-73.414,50.49,91,100,10.36,overcast clouds
231,Severo-Kurilsk,UZ,40.4272,71.7189,65.12,39,87,9.22,overcast clouds
232,Rio Grande,BR,-15.8631,-38.8828,76.66,80,0,6.33,clear sky
233,Kavieng,PG,-2.0226,147.2712,82.65,82,100,16.08,overcast clouds
234,Nanakuli,US,41.3712,-73.414,50.49,91,100,10.36,overcast clouds
235,Balakhta,UZ,40.4272,71.7189,65.12,39,87,9.22,overcast clouds
236,Yongan,NG,7.3833,8.5667,78.78,82,90,16.87,light rain
237,Santo Amaro Da Imperatriz,BR,-15.8631,-38.8828,76.66,80,0,6.33,clear sky
238,Blagodatnoye,RU,45.3997,42.5867,41.92,66,0,17.05,clear sky
239,Lugazi,UG,0.3772,32.9197,65.7,95,100,1.86,light rain
240,Fort Nelson,CA,70.4692,-68.5914,-0.17,85,75,13.8,broken clouds
241,Kahului,US,41.3712,-73.414,50.49,91,100,10.36,overcast clouds
242,Lavrentiya,UZ,40.4272,71.7189,65.12,39,87,9.22,overcast clouds
243,Maghama,MR,18.0858,-15.9785,82.33,36,3,14.67,clear sky
244,Lamas,PE,-13.7,-76.2167,68.05,77,0,21.85,clear sky
245,Ribeira Grande,PT,39.05,-27.9833,59.34,82,100,13.62,overcast clouds
246,Tete,MZ,-16.1564,33.5867,77.09,83,40,3.44,scattered clouds
247,Lohardaga,IN,28.0667,95.3333,66.67,83,99,5.57,overcast clouds
248,Buraydah,SA,25.0213,37.2685,85.03,28,83,10.49,broken clouds
249,Portadown,GB,52.6083,1.7305,38.44,88,41,15.84,scattered clouds
250,Narsaq,GL,77.484,-69.3632,-6.45,69,7,7.43,clear sky
251,Sao Francisco,BR,-15.8631,-38.8828,76.66,80,0,6.33,clear sky
252,Rehoboth,NA,-22.9575,14.5053,58.08,82,0,8.05,clear sky
253,Fort Myers Beach,US,41.3712,-73.414,50.49,91,100,10.36,overcast clouds
254,Nizhneyansk,UZ,40.4272,71.7189,65.12,39,87,9.22,overcast clouds
255,Bhinga,IN,28.0667,95.3333,66.67,83,99,5.57,overcast clouds
256,Kuche,NG,7.3833,8.5667,78.78,82,90,16.87,light rain
257,Illoqqortoormiut,GL,77.484,-69.3632,-6.45,69,7,7.43,clear sky
258,Aksu,NG,7.3833,8.5667,78.78,82,90,16.87,light rain
259,Hinesville,US,41.3712,-73.414,50.49,91,100,10.36,overcast clouds
260,Victor Harbor,AU,-33.65,115.3333,67.68,72,92,9.24,overcast clouds
261,Puerto Baquerizo Moreno,EC,-0.7393,-90.3518,79.52,82,25,6.82,scattered clouds
262,Natal,BR,-15.8631,-38.8828,76.66,80,0,6.33,clear sky
263,Imbituba,BR,-15.8631,-38.8828,76.66,80,0,6.33,clear sky
264,Victoria Point,AU,-33.65,115.3333,67.68,72,92,9.24,overcast clouds
265,Port Lincoln,AU,-33.65,115.3333,67.68,72,92,9.24,overcast clouds
266,Shaunavon,CA,70.4692,-68.5914,-0.17,85,75,13.8,broken clouds
267,Mantua,CU,22.3411,-80.2667,82.4,69,80,11.05,broken clouds
268,Oktyabrskiy,UZ,40.4272,71.7189,65.12,39,87,9.22,overcast clouds
269,Shingu,JP,35.1333,140.3,59.4,57,0,7.99,clear sky
270,Nouadhibou,MR,18.0858,-15.9785,82.33,36,3,14.67,clear sky
271,Touros,BR,-15.8631,-38.8828,76.66,80,0,6.33,clear sky
272,Nea Alikarnassos,IT,45.653,8.6336,52.25,80,0,3.44,clear sky
273,Saint-Augustin,CA,70.4692,-68.5914,-0.17,85,75,13.8,broken clouds
274,Constitucion,MX,17.5167,-91.9667,82.56,78,75,17.27,broken clouds
275,Hammerfest,NO,70.3705,31.1107,31.59,69,45,15.59,scattered clouds
276,Olafsvik,IS,63.8424,-22.4338,30.15,68,75,5.75,broken clouds
277,Lakatoro,VU,-16.0999,167.4164,84.18,75,98,9.13,overcast clouds
278,Yelan,UZ,40.4272,71.7189,65.12,39,87,9.22,overcast clouds
279,Ciudad Del Maiz,MX,17.5167,-91.9667,82.56,78,75,17.27,broken clouds
280,Mount Gambier,AU,-33.65,115.3333,67.68,72,92,9.24,overcast clouds
281,Skelleftea,SE,64.7507,20.9528,25.16,69,100,5.75,overcast clouds
282,Yar-Sale,UZ,40.4272,71.7189,65.12,39,87,9.22,overcast clouds
283,Andenes,NO,70.3705,31.1107,31.59,69,45,15.59,scattered clouds
284,Bridgwater,GB,52.6083,1.7305,38.44,88,41,15.84,scattered clouds
285,Saint-Pierre,RE,-21.3393,55.4781,75.9,77,75,8.05,broken clouds
286,Giurgeni,RO,44.7667,27.8833,47.84,89,100,5.14,overcast clouds
287,Port Hardy,CA,70.4692,-68.5914,-0.17,85,75,13.8,broken clouds
288,Asuncion,PY,-25.3007,-57.6359,74.89,78,75,6.91,broken clouds
289,Tepalcatepec,MX,17.5167,-91.9667,82.56,78,75,17.27,broken clouds
290,Jaisalmer,IN,28.0667,95.3333,66.67,83,99,5.57,overcast clouds
291,Pueblo Bello,CO,1.1983,-70.1733,73.42,97,42,2.26,light rain
292,Gadwal,IN,28.0667,95.3333,66.67,83,99,5.57,overcast clouds
293,Zhanakorgan,RU,50.6309,38.6903,44.71,77,14,7.2,few clouds
294,Georgetown,US,42.097,-79.2353,43.52,78,100,10.36,overcast clouds
295,Morehead,PG,-2.0226,147.2712,82.65,82,100,16.08,overcast clouds
296,Samarai,PG,-2.0226,147.2712,82.65,82,100,16.08,overcast clouds
297,Belushya Guba,UZ,40.4272,71.7189,65.12,39,87,9.22,overcast clouds
298,Vallenar,CL,-45.5752,-72.0662,50.61,87,20,3.44,few clouds
299,Te Anau,NZ,-46.6,168.3333,56.3,62,76,28.79,broken clouds
300,Zyryanka,UZ,40.4272,71.7189,65.12,39,87,9.22,overcast clouds
301,High Rock,BS,26.6208,-78.2833,80.62,82,94,17.34,overcast clouds
302,Itarema,BR,-15.8631,-38.8828,76.66,80,0,6.33,clear sky
303,Labuhan,ID,5.8933,95.3214,81.86,73,94,14.85,overcast clouds
304,Quatre Cocos,MU,-20.3428,57.7575,79.05,78,40,8.05,light rain
305,Buin,PG,-2.0226,147.2712,82.65,82,100,16.08,overcast clouds
306,College Place,US,41.3712,-73.414,50.49,91,100,10.36,overcast clouds
307,Neiafu,TO,-21.2,-175.2,82.56,89,75,4.61,broken clouds
308,Tieling,NG,7.3833,8.5667,78.78,82,90,16.87,light rain
309,Nome,US,41.3712,-73.414,50.49,91,100,10.36,overcast clouds
310,Halifax,CA,70.4692,-68.5914,-0.17,85,75,13.8,broken clouds
311,Cumberland,CA,70.4692,-68.5914,-0.17,85,75,13.8,broken clouds
312,Saint George,US,37.1041,-113.5841,80.94,9,0,3.0,clear sky
313,Bac Lieu,VN,13.0833,109.3,72.46,85,98,8.68,overcast clouds
314,Kloulklubed,TL,-8.9266,125.4092,68.41,61,97,1.19,overcast clouds
315,Lokot,UZ,40.4272,71.7189,65.12,39,87,9.22,overcast clouds
316,Cabo San Lucas,MX,17.5167,-91.9667,82.56,78,75,17.27,broken clouds
317,Goundam,ML,16.4145,-3.6708,89.02,12,3,17.16,clear sky
318,Rosita,NI,13.9268,-84.4032,81.59,65,87,7.11,overcast clouds
319,Lebu,CL,-45.5752,-72.0662,50.61,87,20,3.44,few clouds
320,Tomatlan,MX,17.5167,-91.9667,82.56,78,75,17.27,broken clouds
321,Abu Dhabi,AE,24.4667,54.3667,78.96,59,0,2.3,clear sky
322,Bakel,SN,12.485,-16.5469,77.18,65,52,8.41,broken clouds
323,Omsukchan,UZ,40.4272,71.7189,65.12,39,87,9.22,overcast clouds
324,Caravelas,BR,-15.8631,-38.8828,76.66,80,0,6.33,clear sky
325,Norrtalje,SE,64.7507,20.9528,25.16,69,100,5.75,overcast clouds
326,Nyurba,UZ,40.4272,71.7189,65.12,39,87,9.22,overcast clouds
327,Naze,JP,35.1333,140.3,59.4,57,0,7.99,clear sky
328,Faxinal,BR,-15.8631,-38.8828,76.66,80,0,6.33,clear sky
329,Dikson,UZ,40.4272,71.7189,65.12,39,87,9.22,overcast clouds
330,Shenzhen,NG,7.3833,8.5667,78.78,82,90,16.87,light rain
331,Bilibino,UZ,40.4272,71.7189,65.12,39,87,9.22,overcast clouds
332,Sungaipenuh,ID,5.8933,95.3214,81.86,73,94,14.85,overcast clouds
333,Deputatskiy,UZ,40.4272,71.7189,65.12,39,87,9.22,overcast clouds
334,Opuwo,NA,-22.9575,14.5053,58.08,82,0,8.05,clear sky
335,Shashi,NG,7.3833,8.5667,78.78,82,90,16.87,light rain
336,Chillicothe,US,41.3712,-73.414,50.49,91,100,10.36,overcast clouds
337,Namibe,AO,-8.5785,13.6643,73.96,98,100,1.68,light rain
338,Grenada,US,41.3712,-73.414,50.49,91,100,10.36,overcast clouds
339,Bermeo,ES,39.8885,4.2658,57.76,72,0,10.36,clear sky
340,Piryion,IT,45.653,8.6336,52.25,80,0,3.44,clear sky
341,Piacabucu,BR,-15.8631,-38.8828,76.66,80,0,6.33,clear sky
342,Port Blair,IN,28.0667,95.3333,66.67,83,99,5.57,overcast clouds
343,Naryan-Mar,UZ,40.4272,71.7189,65.12,39,87,9.22,overcast clouds
344,Srednekolymsk,UZ,40.4272,71.7189,65.12,39,87,9.22,overcast clouds
345,Aasiaat,GL,77.484,-69.3632,-6.45,69,7,7.43,clear sky
346,Pallisa,UG,0.3772,32.9197,65.7,95,100,1.86,light rain
347,Faya,TD,12.996,15.7293,88.56,12,34,10.11,scattered clouds
348,Kilindoni,TZ,-7.9139,39.6668,82.11,70,0,7.25,clear sky
349,Santa Cruz,BO,-17.8,-63.1667,82.45,69,75,11.5,broken clouds
350,Yatou,NG,7.3833,8.5667,78.78,82,90,16.87,light rain
351,Urumqi,NG,7.3833,8.5667,78.78,82,90,16.87,light rain
352,Richards Bay,ZA,-34.5322,20.0403,55.27,78,11,4.99,few clouds
353,Dwarka,IN,28.0667,95.3333,66.67,83,99,5.57,overcast clouds
354,Avera,PF,-23.1203,-134.9692,79.27,75,3,16.62,clear sky
355,Victoria,HK,22.2855,114.1577,74.25,51,0,3.0,clear sky
356,Letnyaya Stavka,UZ,40.4272,71.7189,65.12,39,87,9.22,overcast clouds
357,Villa Bruzual,VE,9.3328,-69.1208,88.09,40,96,4.38,overcast clouds
358,Prainha,BR,-15.8631,-38.8828,76.66,80,0,6.33,clear sky
359,Coahuayana,MX,17.5167,-91.9667,82.56,78,75,17.27,broken clouds
360,Kodiak,US,41.3712,-73.414,50.49,91,100,10.36,overcast clouds
361,Warqla,MR,20.5022,-10.0711,72.75,16,0,11.05,clear sky
362,Lompoc,US,41.3712,-73.414,50.49,91,100,10.36,overcast clouds
363,San Carlos De Bariloche,AR,-54.8,-68.3,38.86,70,20,11.5,few clouds
364,Wanaka,NZ,-46.6,168.3333,56.3,62,76,28.79,broken clouds
365,Miyang,NG,7.3833,8.5667,78.78,82,90,16.87,light rain
366,Aktau,RU,50.6309,38.6903,44.71,77,14,7.2,few clouds
367,Kabinda,CD,-6.1333,24.4833,67.5,93,91,2.04,light rain
368,Chaman,PK,29.5542,66.0215,74.82,17,0,5.19,clear sky
369,Medina,BR,-15.8631,-38.8828,76.66,80,0,6.33,clear sky
370,Vamosgyork,HU,47.6843,19.9292,44.94,91,92,2.86,overcast clouds
371,Kalmar,SE,64.7507,20.9528,25.16,69,100,5.75,overcast clouds
372,San Quintin,MX,17.5167,-91.9667,82.56,78,75,17.27,broken clouds
373,Guspini,IT,39.5406,8.6294,54.72,96,10,4.45,clear sky
374,Ileza,UZ,40.4272,71.7189,65.12,39,87,9.22,overcast clouds
375,Luorong,NG,7.3833,8.5667,78.78,82,90,16.87,light rain
376,Praia Da Vitoria,PT,39.05,-27.9833,59.34,82,100,13.62,overcast clouds
377,Nantucket,US,41.3712,-73.414,50.49,91,100,10.36,overcast clouds
378,Maloy,NO,70.3705,31.1107,31.59,69,45,15.59,scattered clouds
379,Lamar,US,41.3712,-73.414,50.49,91,100,10.36,overcast clouds
380,Lagunas,PE,-13.7,-76.2167,68.05,77,0,21.85,clear sky
381,Meadow Lake,CA,70.4692,-68.5914,-0.17,85,75,13.8,broken clouds
382,Inhambane,MZ,-16.1564,33.5867,77.09,83,40,3.44,scattered clouds
383,Carnarvon,AU,-33.65,115.3333,67.68,72,92,9.24,overcast clouds
384,Silver City,US,41.3712,-73.414,50.49,91,100,10.36,overcast clouds
385,Palma Soriano,CU,22.3411,-80.2667,82.4,69,80,11.05,broken clouds
386,Lasa,NG,7.3833,8.5667,78.78,82,90,16.87,light rain
387,Tidore,ID,5.8933,95.3214,81.86,73,94,14.85,overcast clouds
388,Bengkalis,ID,5.8933,95.3214,81.86,73,94,14.85,overcast clouds
389,Gimli,CA,70.4692,-68.5914,-0.17,85,75,13.8,broken clouds
390,Shahreza,IR,32.941,50.121,38.19,61,17,7.63,few clouds
391,Lobau,DE,52.2279,11.0099,44.55,90,100,28.63,overcast clouds
392,Hasaki,JP,35.1333,140.3,59.4,57,0,7.99,clear sky
393,Nanortalik,GL,77.484,-69.3632,-6.45,69,7,7.43,clear sky
394,Poltavka,UZ,40.4272,71.7189,65.12,39,87,9.22,overcast clouds
395,Hamilton,US,37.1041,-113.5841,80.94,9,0,3.0,clear sky
396,Palu,ID,5.8933,95.3214,81.86,73,94,14.85,overcast clouds
397,Isabela,US,41.3712,-73.414,50.49,91,100,10.36,overcast clouds
398,Jimeta,NG,9.2833,12.4667,89.08,24,45,2.1,scattered clouds
399,Batticaloa,LK,7.4167,81.8167,78.44,82,74,2.35,broken clouds
400,Whitehorse,CA,70.4692,-68.5914,-0.17,85,75,13.8,broken clouds
401,Isangel,VU,-16.0999,167.4164,84.18,75,98,9.13,overcast clouds
402,Grand Gaube,MU,-20.3428,57.7575,79.05,78,40,8.05,light rain
403,Soyo,AO,-8.5785,13.6643,73.96,98,100,1.68,light rain
404,Maneadero,MX,17.5167,-91.9667,82.56,78,75,17.27,broken clouds
405,Christchurch,NZ,-46.6,168.3333,56.3,62,76,28.79,broken clouds
406,Bowen,AU,-33.65,115.3333,67.68,72,92,9.24,overcast clouds
407,Dunedin,NZ,-46.6,168.3333,56.3,62,76,28.79,broken clouds
408,Minas,UY,-33.6971,-53.4616,63.21,92,100,5.77,overcast clouds
409,Oranjemund,NA,-22.9575,14.5053,58.08,82,0,8.05,clear sky
410,Bonavista,CA,70.4692,-68.5914,-0.17,85,75,13.8,broken clouds
411,Kuytun,NG,7.3833,8.5667,78.78,82,90,16.87,light rain
412,Bubaque,GW,11.2833,-15.8333,75.45,77,39,13.6,scattered clouds
413,Tarrafal,CV,14.8961,-24.4956,72.14,76,30,9.31,scattered clouds
414,Shimoga,IN,28.0667,95.3333,66.67,83,99,5.57,overcast clouds
415,Karkaralinsk,RU,50.6309,38.6903,44.71,77,14,7.2,few clouds
416,San Martin,AR,-54.8,-68.3,38.86,70,20,11.5,few clouds
417,Udachnyy,UZ,40.4272,71.7189,65.12,39,87,9.22,overcast clouds
418,Whitehaven,GB,52.6083,1.7305,38.44,88,41,15.84,scattered clouds
419,Chase,CA,70.4692,-68.5914,-0.17,85,75,13.8,broken clouds
420,Sumbe,AO,-8.5785,13.6643,73.96,98,100,1.68,light rain
421,Kang,BW,-23.6752,22.7876,66.18,36,99,8.79,overcast clouds
422,Atar,MR,18.0858,-15.9785,82.33,36,3,14.67,clear sky
423,Iquique,CL,-45.5752,-72.0662,50.61,87,20,3.44,few clouds
424,Inuvik,CA,70.4692,-68.5914,-0.17,85,75,13.8,broken clouds
425,Duzce,TR,40.8389,31.1639,54.0,91,51,6.2,broken clouds
426,Wilkie,CA,70.4692,-68.5914,-0.17,85,75,13.8,broken clouds
427,Plettenberg Bay,ZA,-34.5322,20.0403,55.27,78,11,4.99,few clouds
428,Tubruq,LY,29.0331,21.5482,63.99,50,19,17.67,few clouds
429,Sao Joao Evangelista,BR,-15.8631,-38.8828,76.66,80,0,6.33,clear sky
430,Manggar,ID,5.8933,95.3214,81.86,73,94,14.85,overcast clouds
431,Los Zacatones,MX,17.5167,-91.9667,82.56,78,75,17.27,broken clouds
432,Lerwick,GB,52.6083,1.7305,38.44,88,41,15.84,scattered clouds
433,Hobyo,SO,4.1213,43.8894,75.99,70,100,15.86,overcast clouds
434,Santa Maria Del Oro,MX,17.5167,-91.9667,82.56,78,75,17.27,broken clouds
435,Lukovetskiy,UZ,40.4272,71.7189,65.12,39,87,9.22,overcast clouds
436,Havre-Saint-Pierre,CA,70.4692,-68.5914,-0.17,85,75,13.8,broken clouds
437,Karratha,AU,-33.65,115.3333,67.68,72,92,9.24,overcast clouds
438,Luwuk,ID,5.8933,95.3214,81.86,73,94,14.85,overcast clouds
439,Beli Manastir,HR,45.8986,16.8489,51.55,73,95,17.34,overcast clouds
440,Chiang Khong,TH,12.5728,102.5371,73.02,66,98,5.5,overcast clouds
441,Bumba,CD,-6.1333,24.4833,67.5,93,91,2.04,light rain
442,Khandbari,NP,29.2747,82.1838,45.34,41,0,4.83,clear sky
443,Ko Samui,TH,12.5728,102.5371,73.02,66,98,5.5,overcast clouds
444,Kavaratti,IN,28.0667,95.3333,66.67,83,99,5.57,overcast clouds
445,Provideniya,UZ,40.4272,71.7189,65.12,39,87,9.22,overcast clouds
446,Chabahar,IR,32.941,50.121,38.19,61,17,7.63,few clouds
447,Luganville,VU,-16.0999,167.4164,84.18,75,98,9.13,overcast clouds
448,High Level,CA,70.4692,-68.5914,-0.17,85,75,13.8,broken clouds
449,Enid,US,41.3712,-73.414,50.49,91,100,10.36,overcast clouds
450,Presidente Medici,BR,-15.8631,-38.8828,76.66,80,0,6.33,clear sky
451,Pochutla,MX,17.5167,-91.9667,82.56,78,75,17.27,broken clouds
452,Itarantim,BR,-15.8631,-38.8828,76.66,80,0,6.33,clear sky
453,Salinopolis,BR,-15.8631,-38.8828,76.66,80,0,6.33,clear sky
454,Visby,SE,64.7507,20.9528,25.16,69,100,5.75,overcast clouds
455,Kutum,SS,7.2737,28.6822,78.58,58,100,3.11,overcast clouds
456,Anuradhapura,LK,7.4167,81.8167,78.44,82,74,2.35,broken clouds
457,La Macarena,CO,1.1983,-70.1733,73.42,97,42,2.26,light rain
458,Vao,NC,-20.2333,164.0167,81.73,79,100,16.82,overcast clouds
459,Yining,NG,7.3833,8.5667,78.78,82,90,16.87,light rain
460,Eureka,US,41.3712,-73.414,50.49,91,100,10.36,overcast clouds
461,Netishyn,RU,45.3997,42.5867,41.92,66,0,17.05,clear sky
462,Namatanai,PG,-2.0226,147.2712,82.65,82,100,16.08,overcast clouds
463,Teya,UZ,40.4272,71.7189,65.12,39,87,9.22,overcast clouds
464,Letterkenny,PH,10.9995,122.6711,75.04,92,100,7.18,heavy intensity rain
465,Purpe,UZ,40.4272,71.7189,65.12,39,87,9.22,overcast clouds
466,Baishishan,NG,7.3833,8.5667,78.78,82,90,16.87,light rain
467,Kigoma,TZ,-7.9139,39.6668,82.11,70,0,7.25,clear sky
468,Nabire,ID,5.8933,95.3214,81.86,73,94,14.85,overcast clouds
469,Alaverdi,AM,41.0977,44.6732,44.1,97,100,0.81,overcast clouds
470,Inderborskiy,RU,50.6309,38.6903,44.71,77,14,7.2,few clouds
471,Muroto,JP,35.1333,140.3,59.4,57,0,7.99,clear sky
472,Quelimane,MZ,-16.1564,33.5867,77.09,83,40,3.44,scattered clouds
473,Terrasini,IT,39.5406,8.6294,54.72,96,10,4.45,clear sky
474,Borogontsy,UZ,40.4272,71.7189,65.12,39,87,9.22,overcast clouds
475,Tutoia,BR,-15.8631,-38.8828,76.66,80,0,6.33,clear sky
476,Innisfail,AU,-33.65,115.3333,67.68,72,92,9.24,overcast clouds
477,Pasni,PK,29.5542,66.0215,74.82,17,0,5.19,clear sky
478,Tashtyp,UZ,40.4272,71.7189,65.12,39,87,9.22,overcast clouds
479,Jasper,US,41.3712,-73.414,50.49,91,100,10.36,overcast clouds
480,Manokwari,ID,5.8933,95.3214,81.86,73,94,14.85,overcast clouds
481,Japura,BR,-15.8631,-38.8828,76.66,80,0,6.33,clear sky
482,Tucuman,AR,-54.8,-68.3,38.86,70,20,11.5,few clouds
483,Saldanha,ZA,-34.5322,20.0403,55.27,78,11,4.99,few clouds
484,Lakselv,NO,70.3705,31.1107,31.59,69,45,15.59,scattered clouds
485,Maniitsoq,GL,77.484,-69.3632,-6.45,69,7,7.43,clear sky
486,Yichang,NG,7.3833,8.5667,78.78,82,90,16.87,light rain
487,Sao Felix Do Xingu,BR,-15.8631,-38.8828,76.66,80,0,6.33,clear sky
488,Ulladulla,AU,-33.65,115.3333,67.68,72,92,9.24,overcast clouds
489,Kalaleh,IR,32.941,50.121,38.19,61,17,7.63,few clouds
490,Boueni,YT,-12.9025,45.0761,80.58,71,70,4.54,broken clouds
491,Barbacoas,CO,1.1983,-70.1733,73.42,97,42,2.26,light rain
492,Paamiut,GL,77.484,-69.3632,-6.45,69,7,7.43,clear sky
493,Yeniseysk,UZ,40.4272,71.7189,65.12,39,87,9.22,overcast clouds
494,Yuzhno-Yeniseyskiy,UZ,40.4272,71.7189,65.12,39,87,9.22,overcast clouds
495,Solovetskiy,UZ,40.4272,71.7189,65.12,39,87,9.22,overcast clouds
496,Nuuk,GL,77.484,-69.3632,-6.45,69,7,7.43,clear sky
497,Umm Kaddadah,SS,7.2737,28.6822,78.58,58,100,3.11,overcast clouds
498,Mlonggo,ID,5.8933,95.3214,81.86,73,94,14.85,overcast clouds
499,Rio Gallegos,AR,-54.8,-68.3,38.86,70,20,11.5,few clouds
500,Belyy Yar,UZ,40.4272,71.7189,65.12,39,87,9.22,overcast clouds
501,Jasper,CA,70.4692,-68.5914,-0.17,85,75,13.8,broken clouds
502,Louisbourg,CA,70.4692,-68.5914,-0.17,85,75,13.8,broken clouds
503,Hami,NG,7.3833,8.5667,78.78,82,90,16.87,light rain
504,Gorele,TR,40.8389,31.1639,54.0,91,51,6.2,broken clouds
505,Blonie,PL,52.1985,20.6171,51.15,92,100,17.69,light rain
506,Sisimiut,GL,77.484,-69.3632,-6.45,69,7,7.43,clear sky
507,San Cristobal,EC,-0.7393,-90.3518,79.52,82,25,6.82,scattered clouds
508,Naraini,IN,28.0667,95.3333,66.67,83,99,5.57,overcast clouds
509,Bentiu,SS,7.2737,28.6822,78.58,58,100,3.11,overcast clouds
510,Honningsvag,NO,70.3705,31.1107,31.59,69,45,15.59,scattered clouds
511,Rincon,US,32.296,-81.2354,73.36,33,0,18.41,clear sky
512,Tura,UZ,40.4272,71.7189,65.12,39,87,9.22,overcast clouds
513,Palmer,US,41.3712,-73.414,50.49,91,100,10.36,overcast clouds
514,Aswan,EG,28.419,30.7792,84.07,11,5,8.61,clear sky
515,Vila Velha,BR,-15.8631,-38.8828,76.66,80,0,6.33,clear sky
516,Nadym,UZ,40.4272,71.7189,65.12,39,87,9.22,overcast clouds
517,Puerto Del Rosario,ES,39.8885,4.2658,57.76,72,0,10.36,clear sky
518,Yulara,AU,-33.65,115.3333,67.68,72,92,9.24,overcast clouds
519,Concepcion Del Oro,MX,17.5167,-91.9667,82.56,78,75,17.27,broken clouds
520,Safranbolu,TR,40.8389,31.1639,54.0,91,51,6.2,broken clouds
521,Merke,RU,50.6309,38.6903,44.71,77,14,7.2,few clouds
522,Karaul,UZ,40.4272,71.7189,65.12,39,87,9.22,overcast clouds
523,Rantepao,ID,5.8933,95.3214,81.86,73,94,14.85,overcast clouds
524,Atambua,ID,5.8933,95.3214,81.86,73,94,14.85,overcast clouds
525,Le Mars,US,41.3712,-73.414,50.49,91,100,10.36,overcast clouds
526,Pandan,PH,14.0453,124.1694,78.15,87,100,5.86,overcast clouds
527,Pilar,PH,14.0453,124.1694,78.15,87,100,5.86,overcast clouds
528,Wahiawa,US,41.3712,-73.414,50.49,91,100,10.36,overcast clouds
529,Biak,ID,5.8933,95.3214,81.86,73,94,14.85,overcast clouds
530,Faanui,PF,-23.1203,-134.9692,79.27,75,3,16.62,clear sky
531,Bababe,MR,18.0858,-15.9785,82.33,36,3,14.67,clear sky
532,Lucknow,CA,70.4692,-68.5914,-0.17,85,75,13.8,broken clouds
533,Alappuzha,IN,28.0667,95.3333,66.67,83,99,5.57,overcast clouds
534,Aripuana,BR,-15.8631,-38.8828,76.66,80,0,6.33,clear sky
535,Kaeo,NZ,-46.6,168.3333,56.3,62,76,28.79,broken clouds
536,Taoudenni,ML,16.4145,-3.6708,89.02,12,3,17.16,clear sky
537,Laredo,US,41.3712,-73.414,50.49,91,100,10.36,overcast clouds
538,Alto Longa,BR,-15.8631,-38.8828,76.66,80,0,6.33,clear sky
539,Kargasok,UZ,40.4272,71.7189,65.12,39,87,9.22,overcast clouds
540,Henties Bay,NA,-22.9575,14.5053,58.08,82,0,8.05,clear sky
541,Esperance,AU,-33.65,115.3333,67.68,72,92,9.24,overcast clouds
542,Rossland,CA,70.4692,-68.5914,-0.17,85,75,13.8,broken clouds
543,Skibbereen,PH,10.9995,122.6711,75.04,92,100,7.18,heavy intensity rain
544,Chernyshevskiy,UZ,40.4272,71.7189,65.12,39,87,9.22,overcast clouds
545,Souillac,MU,-20.3428,57.7575,79.05,78,40,8.05,light rain
546,Netivot,IL,31.4222,34.5886,82.6,19,100,13.6,overcast clouds
547,Egvekinot,UZ,40.4272,71.7189,65.12,39,87,9.22,overcast clouds
548,Anloga,GH,9.4427,-0.0099,82.72,53,99,9.6,overcast clouds
549,Merauke,ID,5.8933,95.3214,81.86,73,94,14.85,overcast clouds
550,San Jeronimo,MX,17.5167,-91.9667,82.56,78,75,17.27,broken clouds
551,Aksu,RU,50.6309,38.6903,44.71,77,14,7.2,few clouds
552,Vaasa,FI,64.6833,24.4833,26.69,92,81,11.77,broken clouds
553,Motygino,UZ,40.4272,71.7189,65.12,39,87,9.22,overcast clouds
554,Strezhevoy,UZ,40.4272,71.7189,65.12,39,87,9.22,overcast clouds
555,Fecamp,FR,48.3333,1.0,45.64,78,99,9.95,overcast clouds
556,Cockburn Town,BS,26.6208,-78.2833,80.62,82,94,17.34,overcast clouds
557,Yablonovo,UZ,40.4272,71.7189,65.12,39,87,9.22,overcast clouds
558,Mitsamiouli,KM,-11.3847,43.2844,80.83,73,26,4.14,scattered clouds
559,Utiroa,KI,3.0707,172.7902,80.98,80,100,14.2,light rain
560,Ostrovnoy,UZ,40.4272,71.7189,65.12,39,87,9.22,overcast clouds
561,Ratzeburg,DE,52.2279,11.0099,44.55,90,100,28.63,overcast clouds
562,Gazanjyk,TM,39.2446,55.5154,61.59,56,100,15.64,overcast clouds
563,San Luis,MX,17.5167,-91.9667,82.56,78,75,17.27,broken clouds
564,Launceston,AU,-33.65,115.3333,67.68,72,92,9.24,overcast clouds
565,Basco,PH,14.0453,124.1694,78.15,87,100,5.86,overcast clouds
566,Ksenyevka,UZ,40.4272,71.7189,65.12,39,87,9.22,overcast clouds
567,Guilin,NG,7.3833,8.5667,78.78,82,90,16.87,light rain
568,Fairmont,US,41.3712,-73.414,50.49,91,100,10.36,overcast clouds
569,College,US,41.3712,-73.414,50.49,91,100,10.36,overcast clouds
570,Bratsk,UZ,40.4272,71.7189,65.12,39,87,9.22,overcast clouds
571,Sulangan,PH,14.0453,124.1694,78.15,87,100,5.86,overcast clouds
572,Palafrugell,ES,39.8885,4.2658,57.76,72,0,10.36,clear sky
573,Conceicao Do Araguaia,BR,-15.8631,-38.8828,76.66,80,0,6.33,clear sky
574,Voh,NC,-20.2333,164.0167,81.73,79,100,16.82,overcast clouds
575,Anadyr,UZ,40.4272,71.7189,65.12,39,87,9.22,overcast clouds
576,Prince Rupert,CA,70.4692,-68.5914,-0.17,85,75,13.8,broken clouds
577,Entebbe,UG,0.3772,32.9197,65.7,95,100,1.86,light rain
578,Jieshi,NG,7.3833,8.5667,78.78,82,90,16.87,light rain
579,Villaviciosa,ES,39.8885,4.2658,57.76,72,0,10.36,clear sky
580,Leh,IN,28.0667,95.3333,66.67,83,99,5.57,overcast clouds
581,Saryshagan,RU,50.6309,38.6903,44.71,77,14,7.2,few clouds
582,Westport,PH,10.9995,122.6711,75.04,92,100,7.18,heavy intensity rain
583,Sorland,NO,70.3705,31.1107,31.59,69,45,15.59,scattered clouds
584,Vila,VU,-16.0999,167.4164,84.18,75,98,9.13,overcast clouds
585,Zhigansk,UZ,40.4272,71.7189,65.12,39,87,9.22,overcast clouds
586,Ukiah,US,41.3712,-73.414,50.49,91,100,10.36,overcast clouds
587,Bandarbeyla,SO,4.1213,43.8894,75.99,70,100,15.86,overcast clouds
588,Siocon,PH,14.0453,124.1694,78.15,87,100,5.86,overcast clouds
589,Tabuk,SA,25.0213,37.2685,85.03,28,83,10.49,broken clouds
590,Marsa Matruh,EG,28.419,30.7792,84.07,11,5,8.61,clear sky
591,Torres,BR,-15.8631,-38.8828,76.66,80,0,6.33,clear sky
592,Yetkul,UZ,40.4272,71.7189,65.12,39,87,9.22,overcast clouds
593,Wajir,BR,-23.6678,-46.4614,69.37,91,87,4.61,overcast clouds
594,Abaza,UZ,40.4272,71.7189,65.12,39,87,9.22,overcast clouds
595,Ardon,UZ,40.4272,71.7189,65.12,39,87,9.22,overcast clouds
596,Miahuatlan,MX,17.5167,-91.9667,82.56,78,75,17.27,broken clouds
597,Lethem,GY,3.3803,-59.7968,82.02,66,61,11.05,broken clouds
598,Muravlenko,UZ,40.4272,71.7189,65.12,39,87,9.22,overcast clouds
599,The Valley,AI,18.217,-63.0578,79.11,78,20,13.8,few clouds
600,Shar,RU,50.6309,38.6903,44.71,77,14,7.2,few clouds
601,Sandwick,GB,52.6083,1.7305,38.44,88,41,15.84,scattered clouds
602,Ulcinj,ME,41.9294,19.2244,48.42,83,31,4.32,scattered clouds
603,Sao Jose Da Coroa Grande,BR,-15.8631,-38.8828,76.66,80,0,6.33,clear sky
604,Labytnangi,UZ,40.4272,71.7189,65.12,39,87,9.22,overcast clouds
605,Saint-Paul,RE,-21.3585,55.7679,74.79,86,56,13.42,light rain
606,Marquette,US,41.3712,-73.414,50.49,91,100,10.36,overcast clouds
607,Hutchinson,US,41.3712,-73.414,50.49,91,100,10.36,overcast clouds
608,Tucumcari,US,41.3712,-73.414,50.49,91,100,10.36,overcast clouds
609,Sur,OM,22.5667,59.5289,84.61,42,2,10.45,clear sky
610,Bullhead City,US,41.3712,-73.414,50.49,91,100,10.36,overcast clouds
611,Charters Towers,AU,-33.65,115.3333,67.68,72,92,9.24,overcast clouds
612,Varzelandia,BR,-15.8631,-38.8828,76.66,80,0,6.33,clear sky
613,Tilichiki,UZ,40.4272,71.7189,65.12,39,87,9.22,overcast clouds
614,Broken Hill,AU,-33.65,115.3333,67.68,72,92,9.24,overcast clouds
615,Yangjiang,NG,7.3833,8.5667,78.78,82,90,16.87,light rain
616,Baruun-Urt,MN,46.6806,113.2792,49.15,44,100,15.88,overcast clouds
617,Siyabuswa,ZA,-34.5322,20.0403,55.27,78,11,4.99,few clouds
618,Fremont,US,41.3712,-73.414,50.49,91,100,10.36,overcast clouds
619,Carberry,CA,70.4692,-68.5914,-0.17,85,75,13.8,broken clouds
620,Shakawe,BW,-23.6752,22.7876,66.18,36,99,8.79,overcast clouds
621,Belozerskoye,UZ,40.4272,71.7189,65.12,39,87,9.22,overcast clouds
622,Beringovskiy,UZ,40.4272,71.7189,65.12,39,87,9.22,overcast clouds
623,Tambovka,UZ,40.4272,71.7189,65.12,39,87,9.22,overcast clouds
624,Tamiahua,MX,17.5167,-91.9667,82.56,78,75,17.27,broken clouds
625,Ugoofaaru,MV,-0.6,73.0833,82.13,63,45,4.68,scattered clouds
626,Guozhen,NG,7.3833,8.5667,78.78,82,90,16.87,light rain
627,Macau,BR,-15.8631,-38.8828,76.66,80,0,6.33,clear sky
628,Kaltasy,UZ,40.4272,71.7189,65.12,39,87,9.22,overcast clouds
629,Gilgit,PK,29.5542,66.0215,74.82,17,0,5.19,clear sky
630,Kuandian,NG,7.3833,8.5667,78.78,82,90,16.87,light rain
631,Bur Gabo,SO,4.1213,43.8894,75.99,70,100,15.86,overcast clouds
632,Auki,PT,40.1629,-8.3327,57.81,80,100,3.09,overcast clouds
633,Nemuro,JP,35.1333,140.3,59.4,57,0,7.99,clear sky
634,Dudinka,UZ,40.4272,71.7189,65.12,39,87,9.22,overcast clouds
635,Koyilandi,IN,28.0667,95.3333,66.67,83,99,5.57,overcast clouds
636,Iberia,PE,-13.7,-76.2167,68.05,77,0,21.85,clear sky
637,Vila Franca Do Campo,PT,39.05,-27.9833,59.34,82,100,13.62,overcast clouds
638,Korhogo,CI,9.45,-5.6333,72.95,78,100,9.08,overcast clouds
639,Bataipora,BR,-15.8631,-38.8828,76.66,80,0,6.33,clear sky
640,Kibala,AO,-8.5785,13.6643,73.96,98,100,1.68,light rain
641,Burdur,TR,40.8389,31.1639,54.0,91,51,6.2,broken clouds
642,Kawalu,ID,5.8933,95.3214,81.86,73,94,14.85,overcast clouds
643,Gravdal,NO,70.3705,31.1107,31.59,69,45,15.59,scattered clouds
644,Bardiyah,LY,29.0331,21.5482,63.99,50,19,17.67,few clouds
645,Aldan,UZ,40.4272,71.7189,65.12,39,87,9.22,overcast clouds
646,Peace River,CA,70.4692,-68.5914,-0.17,85,75,13.8,broken clouds
647,Pemberton,CA,70.4692,-68.5914,-0.17,85,75,13.8,broken clouds
648,Springbok,ZA,-34.5322,20.0403,55.27,78,11,4.99,few clouds
649,Atarra,IN,28.0667,95.3333,66.67,83,99,5.57,overcast clouds
650,Pio Ix,BR,-15.8631,-38.8828,76.66,80,0,6.33,clear sky
651,Dubti,ET,11.7361,41.0853,79.45,51,60,9.78,broken clouds
652,Korla,NG,7.3833,8.5667,78.78,82,90,16.87,light rain
653,Noumea,NC,-20.2333,164.0167,81.73,79,100,16.82,overcast clouds
654,Nova Olimpia,BR,-15.8631,-38.8828,76.66,80,0,6.33,clear sky
655,Banda Aceh,ID,5.8933,95.3214,81.86,73,94,14.85,overcast clouds
656,Saint-Ambroise,CA,70.4692,-68.5914,-0.17,85,75,13.8,broken clouds
657,Moose Factory,CA,70.4692,-68.5914,-0.17,85,75,13.8,broken clouds
658,Masty,BY,53.4122,24.5387,51.84,75,95,21.41,overcast clouds
659,Mattawa,CA,70.4692,-68.5914,-0.17,85,75,13.8,broken clouds
660,Viedma,AR,-54.8,-68.3,38.86,70,20,11.5,few clouds
661,Letlhakane,BW,-23.6752,22.7876,66.18,36,99,8.79,overcast clouds
662,Mahajanga,MG,-15.7167,46.3167,77.02,94,40,2.3,scattered clouds
663,Berlevag,NO,70.3705,31.1107,31.59,69,45,15.59,scattered clouds
664,Benbrook,US,41.3712,-73.414,50.49,91,100,10.36,overcast clouds
665,Homer,US,41.3712,-73.414,50.49,91,100,10.36,overcast clouds
666,Abu Samrah,SY,35.3029,37.1841,60.03,51,100,3.13,overcast clouds
667,Anchorage,US,41.3712,-73.414,50.49,91,100,10.36,overcast clouds
668,Shimoda,JP,35.1333,140.3,59.4,57,0,7.99,clear sky
669,Seminole,US,41.3712,-73.414,50.49,91,100,10.36,overcast clouds
670,Ilorin,NG,9.2833,12.4667,89.08,24,45,2.1,scattered clouds
671,Fengrun,NG,7.3833,8.5667,78.78,82,90,16.87,light rain
672,Mehamn,NO,70.3705,31.1107,31.59,69,45,15.59,scattered clouds
673,Ponta Do Sol,PT,39.05,-27.9833,59.34,82,100,13.62,overcast clouds
674,Obo,CF,5.3998,26.4869,66.78,88,100,3.4,overcast clouds
675,San Juan Del Sur,NI,13.9268,-84.4032,81.59,65,87,7.11,overcast clouds
676,Satipo,PE,-13.7,-76.2167,68.05,77,0,21.85,clear sky
677,Alekseyevka,UZ,40.4272,71.7189,65.12,39,87,9.22,overcast clouds
678,Cruzilia,BR,-15.8631,-38.8828,76.66,80,0,6.33,clear sky
679,Manadhoo,MV,-0.6,73.0833,82.13,63,45,4.68,scattered clouds
680,Champerico,GT,14.3,-91.9167,91.94,64,74,11.27,broken clouds
681,Ribas Do Rio Pardo,BR,-15.8631,-38.8828,76.66,80,0,6.33,clear sky
682,Saint-Francois,FR,46.4154,3.9054,53.42,87,100,10.36,overcast clouds
683,Porto Novo,CV,14.8961,-24.4956,72.14,76,30,9.31,scattered clouds
684,Itacare,BR,-15.8631,-38.8828,76.66,80,0,6.33,clear sky
685,Grants,US,41.3712,-73.414,50.49,91,100,10.36,overcast clouds
686,Acajutla,SV,13.5928,-89.8275,84.69,70,67,9.1,broken clouds
687,Marawi,SS,7.2737,28.6822,78.58,58,100,3.11,overcast clouds
688,Eckernforde,DE,52.2279,11.0099,44.55,90,100,28.63,overcast clouds
689,Tromso,NO,70.3705,31.1107,31.59,69,45,15.59,scattered clouds
690,Ejutla De Crespo,MX,17.5167,-91.9667,82.56,78,75,17.27,broken clouds
691,Mapiripan,CO,1.1983,-70.1733,73.42,97,42,2.26,light rain
692,Carutapera,BR,-15.8631,-38.8828,76.66,80,0,6.33,clear sky
693,General Roca,AR,-54.8,-68.3,38.86,70,20,11.5,few clouds
694,Bria,CF,5.3998,26.4869,66.78,88,100,3.4,overcast clouds
695,Hoi An,VN,13.0833,109.3,72.46,85,98,8.68,overcast clouds
696,Kathu,TH,12.5728,102.5371,73.02,66,98,5.5,overcast clouds
697,Tornio,FI,64.6833,24.4833,26.69,92,81,11.77,broken clouds
698,Wanning,NG,7.3833,8.5667,78.78,82,90,16.87,light rain
699,New Baltimore,US,41.3712,-73.414,50.49,91,100,10.36,overcast clouds
700,Jatai,BR,-15.8631,-38.8828,76.66,80,0,6.33,clear sky
701,Surt,LY,29.0331,21.5482,63.99,50,19,17.67,few clouds
702,Alta Floresta,BR,-15.8631,-38.8828,76.66,80,0,6.33,clear sky
703,Anaconda,US,41.3712,-73.414,50.49,91,100,10.36,overcast clouds
704,Omaruru,NA,-22.9575,14.5053,58.08,82,0,8.05,clear sky
705,Oxelosund,SE,64.7507,20.9528,25.16,69,100,5.75,overcast clouds
